survey_number,subdivision_candidate,extent_raw_ocr,following_numeric_value_ocr,source_line,review_status,cadastral_match,matched_village,matched_survey_number,matched_unit_id,matched_block_id,cadastral_review_status
172,1,0 53.50,1.48,30,OCR candidate - verify against original,Possible parent-survey match,Peroorani,172,5,1,Manual verification required
172,2,0 19.50,0.54,41,OCR candidate - verify against original,Possible parent-survey match,Peroorani,172,5,1,Manual verification required
173,1,0 95.50,2.64,52,OCR candidate - verify against original,Possible parent-survey match,Peroorani,173,5,1,Manual verification required
173,2,0 86.00,2.37,62,OCR candidate - verify against original,Possible parent-survey match,Peroorani,173,5,1,Manual verification required
173,3,1 21.00,3.36,72,OCR candidate - verify against original,Possible parent-survey match,Peroorani,173,5,1,Manual verification required
174,1A,0 85.00,2.35,80,OCR candidate - verify against original,Possible parent-survey match,Peroorani,174,5,1,Manual verification required
174,2A,0 27.00,0.75,96,OCR candidate - verify against original,Possible parent-survey match,Peroorani,174,5,1,Manual verification required
174,2B,0 49.00,1.35,109,OCR candidate - verify against original,Possible parent-survey match,Peroorani,174,5,1,Manual verification required
175,1,0 63.00,1.75,135,OCR candidate - verify against original,Possible parent-survey match,Peroorani,175,5,2,Manual verification required
175,2,1 28.00,3.54,147,OCR candidate - verify against original,Possible parent-survey match,Peroorani,175,5,2,Manual verification required
176,1,0 63.00,1.75,159,OCR candidate - verify against original,Possible parent-survey match,Peroorani,176,5,1,Manual verification required
176,2,0 33.00,0.92,169,OCR candidate - verify against original,Possible parent-survey match,Peroorani,176,5,1,Manual verification required
176,4,0 73.50,2.02,179,OCR candidate - verify against original,Possible parent-survey match,Peroorani,176,5,1,Manual verification required
197,6,0 73.50,2.04,187,OCR candidate - verify against original,Possible parent-survey match,Peroorani,197,5,2,Manual verification required
198,1,0 39.50,1.10,203,OCR candidate - verify against original,Possible parent-survey match,Peroorani,198,5,2,Manual verification required
198,3,0 79.50,2.20,216,OCR candidate - verify against original,Possible parent-survey match,Peroorani,198,5,2,Manual verification required
199,3,0 41.50,1.15,229,OCR candidate - verify against original,Possible parent-survey match,Peroorani,199,5,2,Manual verification required
199,4A,0 38.00,1.05,242,OCR candidate - verify against original,Possible parent-survey match,Peroorani,199,5,2,Manual verification required
199,4B,0 39.00,1.10,256,OCR candidate - verify against original,Possible parent-survey match,Peroorani,199,5,2,Manual verification required
199,5,1 22.50,3.38,268,OCR candidate - verify against original,Possible parent-survey match,Peroorani,199,5,2,Manual verification required
200,1,0 82.50,2.28,279,OCR candidate - verify against original,Possible parent-survey match,Peroorani,200,5,3,Manual verification required
200,2,1 38.50,3.83,289,OCR candidate - verify against original,Possible parent-survey match,Peroorani,200,5,3,Manual verification required
201,1A,0 46.50,1.30,307,OCR candidate - verify against original,Possible parent-survey match,Peroorani,201,4,9,Manual verification required
201,1B,0 47.50,1.30,320,OCR candidate - verify against original,Possible parent-survey match,Peroorani,201,4,9,Manual verification required
201,1D,1 19.00,3.30,332,OCR candidate - verify against original,Possible parent-survey match,Peroorani,201,4,9,Manual verification required
201,2A,0 66.00,1.80,346,OCR candidate - verify against original,Possible parent-survey match,Peroorani,201,4,9,Manual verification required
201,2B,0 63.50,1.80,356,OCR candidate - verify against original,Possible parent-survey match,Peroorani,201,4,9,Manual verification required
202,1,0 69.50,1.93,369,OCR candidate - verify against original,Possible parent-survey match,Peroorani,202,4,9,Manual verification required
202,2,0 37.00,1.03,379,OCR candidate - verify against original,Possible parent-survey match,Peroorani,202,4,9,Manual verification required
202,4,0 78.00,2.15,389,OCR candidate - verify against original,Possible parent-survey match,Peroorani,202,4,9,Manual verification required
203,2,0 70.50,1.95,397,OCR candidate - verify against original,Possible parent-survey match,Peroorani,203,4,9,Manual verification required
203,3,1 11.00,3.07,413,OCR candidate - verify against original,Possible parent-survey match,Peroorani,203,4,9,Manual verification required
203,4,1 65.00,4.57,427,OCR candidate - verify against original,Possible parent-survey match,Peroorani,203,4,9,Manual verification required
204,1,1 68.50,4.66,441,OCR candidate - verify against original,Possible parent-survey match,Peroorani,204,5,3,Manual verification required
204,2,0 31.50,0.87,455,OCR candidate - verify against original,Possible parent-survey match,Peroorani,204,5,3,Manual verification required
206,1,0 28.50,0.78,469,OCR candidate - verify against original,Possible parent-survey match,Peroorani,206,4,10,Manual verification required
206,3,1 11.50,3.69,481,OCR candidate - verify against original,Possible parent-survey match,Peroorani,206,4,10,Manual verification required
206,4,1 34.00,3.72,492,OCR candidate - verify against original,Possible parent-survey match,Peroorani,206,4,10,Manual verification required
206,5,0 51.00,1.41,500,OCR candidate - verify against original,Possible parent-survey match,Peroorani,206,4,10,Manual verification required
206,6,0 73.00,2.02,516,OCR candidate - verify against original,Possible parent-survey match,Peroorani,206,4,10,Manual verification required
207,1,0 54.00,1.08,529,OCR candidate - verify against original,Possible parent-survey match,Peroorani,207,4,10,Manual verification required
207,2,1 52.00,3.05,541,OCR candidate - verify against original,Possible parent-survey match,Peroorani,207,4,10,Manual verification required
207,3,0 66.50,1.33,554,OCR candidate - verify against original,Possible parent-survey match,Peroorani,207,4,10,Manual verification required
207,4,0 81.00,1.62,564,OCR candidate - verify against original,Possible parent-survey match,Peroorani,207,4,10,Manual verification required
207,5,0 50.00,1.00,577,OCR candidate - verify against original,Possible parent-survey match,Peroorani,207,4,10,Manual verification required
211,3,0 58.50,1.17,587,OCR candidate - verify against original,Possible parent-survey match,Peroorani,211,4,8,Manual verification required
214,2,1 11.50,2.24,597,OCR candidate - verify against original,Possible parent-survey match,Peroorani,214,4,8,Manual verification required
214,3,0 52.00,1.04,605,OCR candidate - verify against original,Possible parent-survey match,Peroorani,214,4,8,Manual verification required
214,4,0 88.00,1.77,621,OCR candidate - verify against original,Possible parent-survey match,Peroorani,214,4,8,Manual verification required
214,5,0 50.50,1.01,635,OCR candidate - verify against original,Possible parent-survey match,Peroorani,214,4,8,Manual verification required
214,6,0 40.50,0.81,648,OCR candidate - verify against original,Possible parent-survey match,Peroorani,214,4,8,Manual verification required
214,7,0 48.50,0.97,662,OCR candidate - verify against original,Possible parent-survey match,Peroorani,214,4,8,Manual verification required
214,8,0 48.00,0.96,674,OCR candidate - verify against original,Possible parent-survey match,Peroorani,214,4,8,Manual verification required
215,1,0 84.00,1.68,686,OCR candidate - verify against original,Possible parent-survey match,Peroorani,215,4,11,Manual verification required
215,2,0 52.50,1.05,696,OCR candidate - verify against original,Possible parent-survey match,Peroorani,215,4,11,Manual verification required
215,4,0 94.00,1.88,704,OCR candidate - verify against original,Possible parent-survey match,Peroorani,215,4,11,Manual verification required
215,5B,0 77.50,1.55,720,OCR candidate - verify against original,Possible parent-survey match,Peroorani,215,4,11,Manual verification required
215,5D,0 50.00,1.00,730,OCR candidate - verify against original,Possible parent-survey match,Peroorani,215,4,11,Manual verification required
218,2,0 29.00,0.58,740,OCR candidate - verify against original,Possible parent-survey match,Peroorani,218,4,11,Manual verification required
218,3,0 15.50,0.31,750,OCR candidate - verify against original,Possible parent-survey match,Peroorani,218,4,11,Manual verification required
218,4,0 20.00,0.41,760,OCR candidate - verify against original,Possible parent-survey match,Peroorani,218,4,11,Manual verification required
218,5,0 27.00,0.54,771,OCR candidate - verify against original,Possible parent-survey match,Peroorani,218,4,11,Manual verification required
224,1,0 65.50,1.31,782,OCR candidate - verify against original,Possible parent-survey match,Peroorani,224,5,4,Manual verification required
224,3,0 39.50,0.79,792,OCR candidate - verify against original,Possible parent-survey match,Peroorani,224,5,4,Manual verification required
225,1,0 63.50,1.76,800,OCR candidate - verify against original,Possible parent-survey match,Peroorani,225,5,4,Manual verification required
225,2A,0 34.00,0.95,816,OCR candidate - verify against original,Possible parent-survey match,Peroorani,225,5,4,Manual verification required
225,2B,0 28.00,0.75,830,OCR candidate - verify against original,Possible parent-survey match,Peroorani,225,5,4,Manual verification required
225,3,0 67.50,1.87,844,OCR candidate - verify against original,Possible parent-survey match,Peroorani,225,5,4,Manual verification required
225,4A,0 27.00,0.75,857,OCR candidate - verify against original,Possible parent-survey match,Peroorani,225,5,4,Manual verification required
225,4B,0 27.00,0.75,869,OCR candidate - verify against original,Possible parent-survey match,Peroorani,225,5,4,Manual verification required
225,4C,0 52.00,1.40,881,OCR candidate - verify against original,Possible parent-survey match,Peroorani,225,5,4,Manual verification required
225,5,0 90.50,2.51,891,OCR candidate - verify against original,Possible parent-survey match,Peroorani,225,5,4,Manual verification required
226,1,1 95.00,5.40,899,OCR candidate - verify against original,Possible parent-survey match,Peroorani,226,5,3,Manual verification required
226,3A,0 60.50,1.67,916,OCR candidate - verify against original,Possible parent-survey match,Peroorani,226,5,3,Manual verification required
226,3B,0 59.50,1.65,928,OCR candidate - verify against original,Possible parent-survey match,Peroorani,226,5,3,Manual verification required
227,1,0 48.00,1.33,938,OCR candidate - verify against original,Possible parent-survey match,Peroorani,227,5,3,Manual verification required
227,2A,0 62.00,1.70,950,OCR candidate - verify against original,Possible parent-survey match,Peroorani,227,5,3,Manual verification required
227,2B,1 35.00,3.70,961,OCR candidate - verify against original,Possible parent-survey match,Peroorani,227,5,3,Manual verification required
228,2,0 21.50,0.43,972,OCR candidate - verify against original,Possible parent-survey match,Peroorani,228,5,4,Manual verification required
228,3,0 72.50,1.45,982,OCR candidate - verify against original,Possible parent-survey match,Peroorani,228,5,4,Manual verification required
228,4,0 46.50,0.93,992,OCR candidate - verify against original,Possible parent-survey match,Peroorani,228,5,4,Manual verification required
230,2,1 76.50,3.53,1001,OCR candidate - verify against original,Possible parent-survey match,Peroorani,230,5,5,Manual verification required
231,1,1 7.00,2.15,1017,OCR candidate - verify against original,Possible parent-survey match,Peroorani,231,5,5,Manual verification required
231,2,0 71.50,1.43,1031,OCR candidate - verify against original,Possible parent-survey match,Peroorani,231,5,5,Manual verification required
232,1,0 92.50,1.85,1045,OCR candidate - verify against original,Possible parent-survey match,Peroorani,232,5,5,Manual verification required
232,2,1 48.00,2.96,1059,OCR candidate - verify against original,Possible parent-survey match,Peroorani,232,5,5,Manual verification required
232,3,0 44.00,0.88,1072,OCR candidate - verify against original,Possible parent-survey match,Peroorani,232,5,5,Manual verification required
233,2,0 58.00,1.60,1084,OCR candidate - verify against original,Possible parent-survey match,Peroorani,233,5,6,Manual verification required
235,2,0 74.00,2.05,1094,OCR candidate - verify against original,Possible parent-survey match,Peroorani,235,5,6,Manual verification required
238,2,1 27.50,3.53,1102,OCR candidate - verify against original,Possible parent-survey match,Peroorani,238,5,7,Manual verification required
243,1,1 24.50,3.45,1129,OCR candidate - verify against original,Possible parent-survey match,Peroorani,243,5,8,Manual verification required
243,2,1 3.00,2.84,1140,OCR candidate - verify against original,Possible parent-survey match,Peroorani,243,5,8,Manual verification required
245,1,0 40.50,1.12,1151,OCR candidate - verify against original,Possible parent-survey match,Peroorani,245,5,9,Manual verification required
245,2,0 55.00,1.52,1162,OCR candidate - verify against original,Possible parent-survey match,Peroorani,245,5,9,Manual verification required
245,3,0 34.50,0.95,1174,OCR candidate - verify against original,Possible parent-survey match,Peroorani,245,5,9,Manual verification required
245,4,2 20.00,6.09,1184,OCR candidate - verify against original,Possible parent-survey match,Peroorani,245,5,9,Manual verification required
246,1B,0 27.00,0.75,1194,OCR candidate - verify against original,Possible parent-survey match,Peroorani,246,5,9,Manual verification required
246,2,0 68.00,1.88,1204,OCR candidate - verify against original,Possible parent-survey match,Peroorani,246,5,9,Manual verification required
247,1B,0 46.00,1.27,1248,OCR candidate - verify against original,Possible parent-survey match,Peroorani,247,5,9,Manual verification required
247,2,0 50.00,1.38,1262,OCR candidate - verify against original,Possible parent-survey match,Peroorani,247,5,9,Manual verification required
247,4,0 9.50,0.27,1275,OCR candidate - verify against original,Possible parent-survey match,Peroorani,247,5,9,Manual verification required
247,5,0 9.50,0.26,1286,OCR candidate - verify against original,Possible parent-survey match,Peroorani,247,5,9,Manual verification required
174,3,1 - 2.00,2.82,122,Added from supplied Patta transcription; verify original,Possible parent-survey match,Peroorani,174,5,1,Manual verification required
246,3,0 - 97.00,2.68,1220,OCR candidate - verify against original,Possible parent-survey match,Peroorani,246,5,9,Manual verification required
247,1A,1 - 20.00,3.32,1234,OCR candidate - verify against original,Possible parent-survey match,Peroorani,247,5,9,Manual verification required
239,-,4 - 33.50,12.00,1118,Manual review - unusual subdivision OCR,Possible parent-survey match,Peroorani,239,5,7,Manual review - unusual subdivision OCR
